,Mean Test RMSE,Final AICc,Gas,Model Name
0,211.11845954485813,3355.023955431675,CO,ExpSmoothingModel-CO
1,204.2222151256167,3340.2417472254806,NMHC,ExpSmoothingModel-NMHC
2,210.03919110710177,3388.009431208641,NOx,ExpSmoothingModel-NOx
3,325.5000943821248,3608.997874271273,O3,ExpSmoothingModel-O3
4,191.3146992305437,4361.402100682572,CO,"SARIMAX-(0, 0, 2)-(1, 0, 0, 7)-CO-c"
5,179.827333871073,4293.559224044173,NMHC,"SARIMAX-(0, 0, 0)-(2, 0, 2, 8)-NMHC-c"
6,188.17434330048732,4296.300274749259,NOx,"SARIMAX-(1, 0, 2)-(2, 0, 0, 21)-NOx-ct"
7,290.5087503804342,4453.037354242611,O3,"SARIMAX-(1, 0, 2)-(2, 0, 2, 14)-O3-c"
