,Model Name,Mean Test RMSE,Final AICc,Gas
0,ExpSmoothingModel-CO,211.0627168379583,3355.023955582285,CO
1,ExpSmoothingModel-NMHC,204.2222232874312,3340.241747225744,NMHC
2,ExpSmoothingModel-NOx,210.03920064171305,3388.0094312133538,NOx
3,ExpSmoothingModel-O3,325.4015336528918,3608.9978741775753,O3
4,"ARIMA-(1, 0, 0)-CO",203.7808489390172,4235.842232862821,CO
5,"ARIMA-(1, 0, 0)-NMHC",184.3757249816495,4207.303345164569,NMHC
6,"ARIMA-(0, 1, 2)-NOx",186.6831135699043,4237.602162209743,NOx
7,"ARIMA-(0, 1, 2)-O3",292.14598321246126,4471.038996760486,O3
